{
  "Version": "2012-10-17",
  "Statement": [
    {
      "Effect": "Allow",
      "Action": [
        "s3:PutObject",
        "s3:PutObjectAcl",
        "s3:DeleteObject",
        "s3:ListBucket"
      ],
      "Resource": [
        "arn:aws:s3:::YOUR_BUCKET_NAME",
        "arn:aws:s3:::YOUR_BUCKET_NAME/*"
      ]
    },
    {
      "Effect": "Allow",
      "Action": [
        "cloudfront:CreateInvalidation",
        "cloudfront:GetDistribution",
        "cloudfront:GetInvalidation",
        "cloudfront:ListDistributions",
        "cloudfront:GetDistributionConfig"
      ],
      "Resource": "*"
    }
  ]
}